size,time
100,0.002097606658935547
500,0.0039064884185791016
1000,0.0015933513641357422
5000,0.0019083023071289062
