size,time
100,0.0011894702911376953
500,0.0013692378997802734
1000,0.0011379718780517578
5000,0.001458883285522461
