size,time
100,0.004074811935424805
500,0.001499176025390625
1000,0.009802818298339844
5000,0.0027871131896972656
