size,time
100,0.0034933090209960938
500,0.003314495086669922
1000,0.001741647720336914
5000,0.006011962890625
