size,time
100,0.0023651123046875
500,0.0073168277740478516
1000,0.014650583267211914
5000,0.009366512298583984
