size,time
100,0.0016474723815917969
500,0.003931999206542969
1000,0.0014867782592773438
5000,0.0020041465759277344
