size,time
100,0.002251148223876953
500,0.0016562938690185547
1000,0.002740621566772461
5000,0.001992940902709961
